mysql> CREATE DATABASE patient_management;
Query OK, 1 row affected (0.02 sec)

mysql> USE patient_management;
Database changed
mysql> CREATE TABLE patients (
    ->     patient_id INT PRIMARY KEY AUTO_INCREMENT,
    ->     name VARCHAR(100) NOT NULL,
    ->     dob DATE NOT NULL,
    ->     phone VARCHAR(15) UNIQUE NOT NULL,
    ->     email VARCHAR(100) UNIQUE,
    ->     address TEXT,
    ->     blood_group VARCHAR(5)
    -> );
Query OK, 0 rows affected (0.20 sec)

mysql> CREATE TABLE doctors (
    ->     doctor_id INT PRIMARY KEY AUTO_INCREMENT,
    ->     doctor_name VARCHAR(100) NOT NULL,
    ->     specialization VARCHAR(100),
    ->     contact VARCHAR(15)
    -> );
Query OK, 0 rows affected (0.04 sec)

mysql> CREATE TABLE appointments (
    ->     appointment_id INT PRIMARY KEY AUTO_INCREMENT,
    ->     patient_id INT NOT NULL,
    ->     doctor_id INT NOT NULL,
    ->     appointment_date DATE NOT NULL,
    ->     appointment_time TIME,
    ->
    ->     FOREIGN KEY (patient_id) REFERENCES patients(patient_id),
    ->     FOREIGN KEY (doctor_id) REFERENCES doctors(doctor_id)
    -> );
Query OK, 0 rows affected (0.07 sec)

mysql> CREATE TABLE visits (
    ->     visit_id INT PRIMARY KEY AUTO_INCREMENT,
    ->     patient_id INT NOT NULL,
    ->     doctor_id INT NOT NULL,
    ->     visit_date DATE NOT NULL,
    ->     diagnosis TEXT,
    ->     prescription TEXT,
    ->
    ->     FOREIGN KEY (patient_id) REFERENCES patients(patient_id),
    ->     FOREIGN KEY (doctor_id) REFERENCES doctors(doctor_id)
    -> );
Query OK, 0 rows affected (0.06 sec)

mysql> INSERT INTO patients
    -> (name, dob, phone, email, address, blood_group)
    -> VALUES
    -> ('Rahul Sharma', '1998-04-12', '9876543210', 'rahul@gmail.com', 'Delhi', 'O+'),
    -> ('Anita Verma', '1995-08-20', '9123456789', 'anita@gmail.com', 'Noida', 'A+');
Query OK, 2 rows affected (0.04 sec)
Records: 2  Duplicates: 0  Warnings: 0

mysql> INSERT INTO doctors
    -> (doctor_name, specialization, contact)
    -> VALUES
    -> ('Dr. Amit Kumar', 'Cardiology', '9998887776'),
    -> ('Dr. Neha Singh', 'Dermatology', '8887776665');
Query OK, 2 rows affected (0.01 sec)
Records: 2  Duplicates: 0  Warnings: 0

mysql> INSERT INTO appointments
    -> (patient_id, doctor_id, appointment_date, appointment_time)
    -> VALUES
    -> (1, 1, '2026-02-10', '10:30:00'),
    -> (2, 2, '2026-02-11', '11:00:00');
Query OK, 2 rows affected (0.01 sec)
Records: 2  Duplicates: 0  Warnings: 0

mysql> INSERT INTO visits
    -> (patient_id, doctor_id, visit_date, diagnosis, prescription)
    -> VALUES
    -> (1, 1, '2026-02-10', 'High BP', 'Low salt diet'),
    -> (2, 2, '2026-02-11', 'Skin Allergy', 'Antihistamine');
Query OK, 2 rows affected (0.01 sec)
Records: 2  Duplicates: 0  Warnings: 0

mysql> show tables;
+------------------------------+
| Tables_in_patient_management |
+------------------------------+
| appointments                 |
| doctors                      |
| patients                     |
| visits                       |
+------------------------------+
4 rows in set (0.05 sec)

mysql> select * from patients;
+------------+--------------+------------+------------+-----------------+---------+-------------+
| patient_id | name         | dob        | phone      | email           | address | blood_group |
+------------+--------------+------------+------------+-----------------+---------+-------------+
|          1 | Rahul Sharma | 1998-04-12 | 9876543210 | rahul@gmail.com | Delhi   | O+          |
|          2 | Anita Verma  | 1995-08-20 | 9123456789 | anita@gmail.com | Noida   | A+          |
+------------+--------------+------------+------------+-----------------+---------+-------------+
2 rows in set (0.01 sec)

mysql> select * from doctors;
+-----------+----------------+----------------+------------+
| doctor_id | doctor_name    | specialization | contact    |
+-----------+----------------+----------------+------------+
|         1 | Dr. Amit Kumar | Cardiology     | 9998887776 |
|         2 | Dr. Neha Singh | Dermatology    | 8887776665 |
+-----------+----------------+----------------+------------+
2 rows in set (0.00 sec)

mysql> select * from appointments;
+----------------+------------+-----------+------------------+------------------+
| appointment_id | patient_id | doctor_id | appointment_date | appointment_time |
+----------------+------------+-----------+------------------+------------------+
|              1 |          1 |         1 | 2026-02-10       | 10:30:00         |
|              2 |          2 |         2 | 2026-02-11       | 11:00:00         |
+----------------+------------+-----------+------------------+------------------+
2 rows in set (0.00 sec)

mysql> select * from visits;
+----------+------------+-----------+------------+--------------+---------------+
| visit_id | patient_id | doctor_id | visit_date | diagnosis    | prescription  |
+----------+------------+-----------+------------+--------------+---------------+
|        1 |          1 |         1 | 2026-02-10 | High BP      | Low salt diet |
|        2 |          2 |         2 | 2026-02-11 | Skin Allergy | Antihistamine |
+----------+------------+-----------+------------+--------------+---------------+
2 rows in set (0.00 sec)

mysql> SELECT
    ->     p.name,
    ->     v.visit_date,
    ->     d.doctor_name,
    ->     v.diagnosis
    -> FROM visits v
    -> JOIN patients p ON v.patient_id = p.patient_id
    -> JOIN doctors d ON v.doctor_id = d.doctor_id
    -> WHERE p.patient_id = 1
    -> ORDER BY v.visit_date DESC;
+--------------+------------+----------------+-----------+
| name         | visit_date | doctor_name    | diagnosis |
+--------------+------------+----------------+-----------+
| Rahul Sharma | 2026-02-10 | Dr. Amit Kumar | High BP   |
+--------------+------------+----------------+-----------+