mysql> use mypractice_db;
Database changed
mysql> CREATE TABLE employees (
    ->     emp_id INT PRIMARY KEY AUTO_INCREMENT,
    ->     emp_name VARCHAR(100) NOT NULL,
    ->     department VARCHAR(50),
    ->     salary DECIMAL(10,2)
    -> );
Query OK, 0 rows affected (0.21 sec)

mysql> INSERT INTO employees (emp_name, department, salary)
    -> VALUES ('Riya Sharma', 'HR', 35000);
Query OK, 1 row affected (0.04 sec)

mysql> SELECT * FROM employees;
+--------+-------------+------------+----------+
| emp_id | emp_name    | department | salary   |
+--------+-------------+------------+----------+
|      1 | Riya Sharma | HR         | 35000.00 |
+--------+-------------+------------+----------+
1 row in set (0.01 sec)

mysql> UPDATE employees
    -> SET salary = 40000
    -> WHERE emp_id = 1;
Query OK, 1 row affected (0.02 sec)
Rows matched: 1  Changed: 1  Warnings: 0

mysql> DELETE FROM employees
    -> WHERE emp_id = 2;
Query OK, 0 rows affected (0.00 sec)

mysql> SELECT * FROM employees
    -> WHERE emp_name LIKE '%Riya%';
+--------+-------------+------------+----------+
| emp_id | emp_name    | department | salary   |
+--------+-------------+------------+----------+
|      1 | Riya Sharma | HR         | 40000.00 |
+--------+-------------+------------+----------+
1 row in set (0.01 sec)

mysql>